1401 ella ella@alueducation.com
1402 bobson bobson@alueducation.com  
1403 olga olga@alueducation.com
1404 kevin kevin@alueducation.com
1405 alex alex@alueducation.com
1406 kundan kundan@alueducation.com
1407 allan allan@alueducation.com
1408 donart donart@alueducation.com
1409 rogers rogers@alueducation.com
1421 mimi mimi@alueducation.com
1415 steven steven@alueducation.com 
