1022 julien julien@alustudent.com
1023 lando lando@alustudent.com  
1024 brian brian@alustudent.com
1030 bruce bruce@alustudent.com
1029 yvan yvan@alustudent.com
1120 steve steve@alustudent.com
1034 nathan nathan@alustudent.com
1093 ian ian@alustudent.com
1200 kevin kevin@alustudent.com
1120 linda linda@alustudent.com
1500 gratia gratia@alustudent.com 
1450 fiacre fiacre@alustudent.com
1230 gedeon gedeon@alustudent.com
1340 bella bella@alustudent.com
1180 amanda amanda@alustudent.com
1930 grace grace@alustudent.com
1239 christian christian@alustudent.com
1350 kenny kenny@alustudent.com
1203 ben ben@alustudent.com
1293 kessy kessy@alustudent.com